comment,cleaned_comment,sentiment,sentiment_class
I fully expected a more graphic ending to that press conference.,i fully expected a more graphic ending to that press conference,0.13333333333333333,Positive
Really excepted his head to be gone by the end of it,really excepted his head to be gone by the end of it,0.2,Positive
For real. I been watching too much Gen V or something,for real i been watching too much gen v or something,0.2,Positive
"Yeah when I saw some beat-to-fuck dude getting loaded in the back of a pickup by armed dudes, I had to check what subreddit this was.

That story can end much differently.","yeah when i saw some beattofuck dude getting loaded in the back of a pickup by armed dudes i had to check what subreddit this was

that story can end much differently",0.0,Neutral
Without trial?..,without trial,0.0,Neutral
"Especially when he was ushered out of the cell, I was like ‚Äúyour a little too hyped to be shot my fella‚Äù",especially when he was ushered out of the cell i was like your a little too hyped to be shot my fella,-0.09375,Neutral
"He's lucky the police got to him before the villagers. Usually they hang a gas filled tire around their neck, tie them to a tree and set them on fire",hes lucky the police got to him before the villagers usually they hang a gas filled tire around their neck tie them to a tree and set them on fire,0.16111111111111112,Positive
A South African necklace,a south african necklace,0.0,Neutral
I hope the tree is ok,i hope the tree is ok,0.5,Positive
Thats on Guatemala..,thats on guatemala,0.0,Neutral
Are you being serious?,are you being serious,-0.3333333333333333,Negative
Really? Where do they do that? That's awesome,really where do they do that thats awesome,0.6,Positive
"‚Äúusually they‚Ä¶‚Äù

he typed with full confidence before repeating something he mis remembers from the internet","usually they

he typed with full confidence before repeating something he mis remembers from the internet",0.04999999999999999,Neutral
Source?,source,0.0,Neutral
Should start with legs.,should start with legs,0.0,Neutral
X to doubt,x to doubt,0.0,Neutral
At the end I thought they were gonna throw him to the crowd and let mob have him.,at the end i thought they were gonna throw him to the crowd and let mob have him,0.0,Neutral
El Salvador doesn‚Äôt fuck around. In the last couple of years they basically wiped out the cartels operating there and threw 66000 members in jail.,el salvador doesnt fuck around in the last couple of years they basically wiped out the cartels operating there and threw  members in jail,-0.16666666666666666,Negative
This is terrific. The Cartel can get bent.,this is terrific the cartel can get bent,0.0,Neutral
Lol it‚Äôs all super awesome until is you who is being falsely accused,lol its all super awesome until is you who is being falsely accused,0.4333333333333333,Positive
"and in my country (canada) we let violent criminals out as soon as physically possible. our parole boards may as well not exist. they let everyone out.

we even let out a fucking SERIAL KILLER but luckily he died before he could get out of jail.i hate our justice system so fucking much","and in my country canada we let violent criminals out as soon as physically possible our parole boards may as well not exist they let everyone out

we even let out a fucking serial killer but luckily he died before he could get out of jaili hate our justice system so fucking much",-0.2777777777777778,Negative
So it‚Äôs safe and the refugees are just economic migrants? Is that what you are saying? Is this right wing propaganda?!,so its safe and the refugees are just economic migrants is that what you are saying is this right wing propaganda,0.22142857142857142,Positive
Still has one of the highest crime rates in the world,still has one of the highest crime rates in the world,0.0,Neutral
Salvador is trading short term security for a fascist state that is in no way addressing the true roots of crime. In a few years crime will be back with a vengeance and Salvator will have to pay the piper for putting a dictator in place.,salvador is trading short term security for a fascist state that is in no way addressing the true roots of crime in a few years crime will be back with a vengeance and salvator will have to pay the piper for putting a dictator in place,0.03749999999999999,Neutral
In America we elect them to office and go to their church services,in america we elect them to office and go to their church services,0.8,Positive
dang,dang,0.0,Neutral
My dad still attending mass and giving money to catholic church. If planned parenthood passed even one kid around for sexual purposes he would lose his mind. But catholic church can abuse thousands.,my dad still attending mass and giving money to catholic church if planned parenthood passed even one kid around for sexual purposes he would lose his mind but catholic church can abuse thousands,0.16666666666666666,Positive
"Oh Matt gaetz, you slick pedo sob.",oh matt gaetz you slick pedo sob,-0.25,Negative
Ones even president !,ones even president,0.0,Neutral
"Forgot to mention Hollywood, oh boy! The motherload!",forgot to mention hollywood oh boy the motherload,0.0,Neutral
[removed],removed,0.0,Neutral
Epstein would both agree and disagree,epstein would both agree and disagree,0.0,Neutral
And classrooms,and classrooms,0.0,Neutral
And talk about grabbing them publicly,and talk about grabbing them publicly,0.0,Neutral
"People then willingly send their kids to church leader's houses for sleepover bible study parties, you know, fun stuff to do with the family, subjecting them to the lord's work, or some cult-like behavior-type-shit.",people then willingly send their kids to church leaders houses for sleepover bible study parties you know fun stuff to do with the family subjecting them to the lords work or some cultlike behaviortypeshit,0.275,Positive
He might also be a drag story hour librarian!,he might also be a drag story hour librarian,-0.1,Neutral
"Don't forget how prevalent they are in public schools, far far more common than churches",dont forget how prevalent they are in public schools far far more common than churches,0.07999999999999999,Neutral
I wish that wasn't ironically funny.,i wish that wasnt ironically funny,0.25,Positive
Beat me to it‚Ä¶.,beat me to it,0.0,Neutral
I just laughted so hard i almost sounded like a little girl,i just laughted so hard i almost sounded like a little girl,-0.23958333333333334,Negative
In India the government welcomes them with flower garlands and calls them protector of religion.,in india the government welcomes them with flower garlands and calls them protector of religion,0.0,Neutral
Truth!,truth,0.0,Neutral
Oh snap!,oh snap,0.0,Neutral
Or have them teach the kids.,or have them teach the kids,0.0,Neutral
/r/murderedbywords,rmurderedbywords,0.0,Neutral
"American Dream, eh?

Time to wake up?","american dream eh

time to wake up",0.0,Neutral
You woke up and chose violence bruh that was a cooold one hell yeah,you woke up and chose violence bruh that was a cooold one hell yeah,0.0,Neutral
[deleted],deleted,0.0,Neutral
Gotta love good old america,gotta love good old america,0.43333333333333335,Positive
[removed],removed,0.0,Neutral
r/TechnicallyTheTruth,rtechnicallythetruth,0.0,Neutral
Elect then president like Biden and clinton,elect then president like biden and clinton,0.8,Positive
[removed],removed,0.0,Neutral
"Or if they actually get convicted, they're out of prison in a couple years.",or if they actually get convicted theyre out of prison in a couple years,0.0,Neutral
Dang.,dang,0.0,Neutral
America so humane üôÇ,america so humane,0.0,Neutral
they have a whole island,they have a whole island,0.2,Positive
Bro,bro,0.0,Neutral
Yikes,yikes,0.0,Neutral
Was about to say.  In America he would be rich like all the other pedophiles.,was about to say  in america he would be rich like all the other pedophiles,0.125,Positive
"We pay taxes to make sure they get 3 meals a day, with heat and ac. Cold water for drinking. USA USA USA",we pay taxes to make sure they get  meals a day with heat and ac cold water for drinking usa usa usa,-0.04999999999999999,Neutral
Hollywood loves them too.,hollywood loves them too,0.0,Neutral
And see their movies.,and see their movies,0.0,Neutral
They aren't going to church,they arent going to church,0.0,Neutral
r/americabad,ramericabad,0.0,Neutral
"In America they are the church. Number 1 on list of sexual predation is within household, someone who knows the kid, number 2 is community organizations like church and boy scouts.  It‚Äôs just funny to me how republicans who cry daily about ‚Äúprotecting the kids‚Äù and picket outside drag shows are silent in the places where it‚Äôs actually happening.  Why not picket outside churches? ‚õ™Ô∏è",in america they are the church number  on list of sexual predation is within household someone who knows the kid number  is community organizations like church and boy scouts  its just funny to me how republicans who cry daily about protecting the kids and picket outside drag shows are silent in the places where its actually happening  why not picket outside churches,0.08125,Neutral
"Follow Christ, not some religion twisted by mankind.",follow christ not some religion twisted by mankind,-0.5,Negative
"In the US, you mean.",in the us you mean,-0.3125,Negative
It's a privilege of the rich or paper powerful,its a privilege of the rich or paper powerful,0.3375,Positive
"In the UK we put them on tv. Give them their own shows. Make them rich. And keep quiet about it til they are dead of natural causes.

Jimmy Saville","in the uk we put them on tv give them their own shows make them rich and keep quiet about it til they are dead of natural causes

jimmy saville",0.175,Positive
Stole the words outta my mouth.,stole the words outta my mouth,0.0,Neutral
"To be fair if this guy was a Mormon or a tourist, he'd be fine. 

Speaking as a salvadorian.","to be fair if this guy was a mormon or a tourist hed be fine 

speaking as a salvadorian",0.5583333333333333,Positive
"I'm down with that... As long as he's guilty, and not just alleged.",im down with that as long as hes guilty and not just alleged,-0.2013888888888889,Negative
"If he's found guilty,  yes,  I think this kind of thing is not a bad idea. If they just arrested him and he's still awaiting trial, I would say it is a real shame because eventually an innocent person will undergo this treatment.",if hes found guilty  yes  i think this kind of thing is not a bad idea if they just arrested him and hes still awaiting trial i would say it is a real shame because eventually an innocent person will undergo this treatment,0.22999999999999998,Positive
[deleted],deleted,0.0,Neutral
the problem with mobs is they aren't generally the best at calm and considered investigation of evidence.,the problem with mobs is they arent generally the best at calm and considered investigation of evidence,0.45,Positive
Well they did say he had two previous records of similar abuse to adult women.,well they did say he had two previous records of similar abuse to adult women,-0.022222222222222216,Neutral
"Yeah, this is extremely fucked up if it's before a fair trial.",yeah this is extremely fucked up if its before a fair trial,0.04999999999999999,Neutral
"Its El Salvador , he‚Äôs probably not a pedo just some guy who pissed off the local police. They call him a pedo so the can beat him and lock him up.",its el salvador  hes probably not a pedo just some guy who pissed off the local police they call him a pedo so the can beat him and lock him up,0.0,Neutral
Does El Salvador's criminal justice system function well?,does el salvadors criminal justice system function well,-0.4,Negative
"What pisses me off about reddit is that there are way too many idiots like that guy that think medieval practices like this (as well as the death penalty) should exist in a secular, just, first world country.",what pisses me off about reddit is that there are way too many idiots like that guy that think medieval practices like this as well as the death penalty should exist in a secular just first world country,-0.012500000000000011,Neutral
India should take notes,india should take notes,0.0,Neutral
"In India, we elect rapist to parliament tho",in india we elect rapist to parliament tho,0.8,Positive
"If we used the Salvadorian system, the ones arrested would be 75% innocent people and 25% actual criminals...",if we used the salvadorian system the ones arrested would be  innocent people and  actual criminals,0.25,Positive
"Bro is someone here is caught by the public before the police, it's a wrap",bro is someone here is caught by the public before the police its a wrap,0.0,Neutral
I was just thinking about that,i was just thinking about that,0.0,Neutral
His name sound Indian too. Lol,his name sound indian too lol,0.6000000000000001,Positive
I really like the part where they force his head up so everyone can see his face.,i really like the part where they force his head up so everyone can see his face,0.2,Positive
Why do you like that?,why do you like that,0.0,Neutral
arrest and public humiliation? i guess at least he‚Äôll never live this down if that‚Äôs all there is to his punishment.,arrest and public humiliation i guess at least hell never live this down if thats all there is to his punishment,-0.11474747474747475,Negative
[removed],removed,0.0,Neutral
I have a feeling he ain't living ... anything down,i have a feeling he aint living  anything down,-0.15555555555555559,Negative
"That was anti climactic... I was expecting something ""insane""",that was anti climactic i was expecting something insane,-1.0,Negative
To walk a prisoner in public and to make a political promo video with a prisoner whilst treating and calling him sub-human beast *is* pretty wild in by book of dignified justice systems *do's and don'ts*...,to walk a prisoner in public and to make a political promo video with a prisoner whilst treating and calling him subhuman beast is pretty wild in by book of dignified justice systems dos and donts,0.0875,Neutral
They probably didn‚Äôt show what they did to him at prison,they probably didnt show what they did to him at prison,0.0,Neutral
extrajudicial punishment is pretty insane,extrajudicial punishment is pretty insane,-0.375,Negative
FR,fr,0.0,Neutral
Life in prison for that guy in El Salvador will be his hell.,life in prison for that guy in el salvador will be his hell,0.0,Neutral
Life sentence will be about 2 days when the other inmates hear of his crimes,life sentence will be about  days when the other inmates hear of his crimes,-0.125,Negative
I saw that season of Prison Break. Wasn't Mel Gibson copying it a few years after? Lol,i saw that season of prison break wasnt mel gibson copying it a few years after lol,0.30000000000000004,Positive
The caption says pedophile but the officer describing the crimes mentions nothing about pedophilia.,the caption says pedophile but the officer describing the crimes mentions nothing about pedophilia,0.0,Neutral
"You're right. News articles say he killed a girl, nothing about sexual crimes",youre right news articles say he killed a girl nothing about sexual crimes,0.1952380952380952,Positive
"I haven't finished reading the article(s), but the guy had previously been arrested back in 2001 and 2005 for acts of violence against women, and it says there were sexual intentions that led to the murder of the little girl. So far I haven't seen anything specifically calling out pedophilia, just calling it a kidnapping and homicide...because this is (and should be), after all, about the victim, not the suspect. 
  
Either way, love the video lol","i havent finished reading the articles but the guy had previously been arrested back in  and  for acts of violence against women and it says there were sexual intentions that led to the murder of the little girl so far i havent seen anything specifically calling out pedophilia just calling it a kidnapping and homicidebecause this is and should be after all about the victim not the suspect 
  
either way love the video lol",0.18385416666666668,Positive
"It was, the guy attacked a little girl.",it was the guy attacked a little girl,-0.1875,Negative
"I‚Äôd be happy if we just started with not covering up the abuse committed by those who are on our in-group. Church, political tribe, family, etc. That alone would clear up A LOT.",id be happy if we just started with not covering up the abuse committed by those who are on our ingroup church political tribe family etc that alone would clear up a lot,0.3,Positive
Bukele‚Äôs not fucking around.,bukeles not fucking around,0.3,Positive
He's cleaned up house so good Im considering finally going to visit my Grandmother.,hes cleaned up house so good im considering finally going to visit my grandmother,0.35,Positive
I totally misread your comment as something else,i totally misread your comment as something else,0.0,Neutral
Making the tough choices to improve his country. Lots of respect for the guy.,making the tough choices to improve his country lots of respect for the guy,-0.3888888888888889,Negative
I hope that's the guy's actual crime and that he didn't just refuse to pay a bribe.,i hope thats the guys actual crime and that he didnt just refuse to pay a bribe,0.0,Neutral
We elect them for politicians and Presidents here in the states apparently,we elect them for politicians and presidents here in the states apparently,0.42500000000000004,Positive
I was waiting for the beheading.,i was waiting for the beheading,0.0,Neutral
"I hate pedophiles as much as the next guy, but it would probably benefit society to treat it like it is. A mental health issue. People like this need severe help and to be removed from the public until they are rehabilitated. Killing pedos just incentivizes them to hide it better imo


Edit: responding specifically to the crowd outcry to kill him and not necessarily the video as a whole","i hate pedophiles as much as the next guy but it would probably benefit society to treat it like it is a mental health issue people like this need severe help and to be removed from the public until they are rehabilitated killing pedos just incentivizes them to hide it better imo


edit responding specifically to the crowd outcry to kill him and not necessarily the video as a whole",-6.938893903907228e-18,Neutral
The recidivism rate for pedophiles is high.  Some studies show > 40% within 5 years.  This of course only reflects the pedophiles that are reconvicted,the recidivism rate for pedophiles is high  some studies show   within  years  this of course only reflects the pedophiles that are reconvicted,0.08,Neutral
"I'm all about the rehabilitation of most criminals. The majority did what they had to do to survive. However, some of them should simply be removed from the earth, not society. If you commit an unforgivable crime, you don't need forgiveness, you need to be removed from the planet.",im all about the rehabilitation of most criminals the majority did what they had to do to survive however some of them should simply be removed from the earth not society if you commit an unforgivable crime you dont need forgiveness you need to be removed from the planet,0.25,Positive
Spoken like a true pedo. Pedo sympathizer,spoken like a true pedo pedo sympathizer,0.35,Positive
"I don‚Äôt hate anyone for existing, fuck Nazis and bigots who do.


Degenerate cishets cause way more abuse to kids cause of their sexuality. You hateful degenerates make me sick. The majority of child abuse from sex is cishet overbreeding.","i dont hate anyone for existing fuck nazis and bigots who do


degenerate cishets cause way more abuse to kids cause of their sexuality you hateful degenerates make me sick the majority of child abuse from sex is cishet overbreeding",-0.35357142857142865,Negative
"It's not a mental illness to choose to rape kids. You cannot add P Pedos to LGBTQA, it's harmful rape and cannot be consensual. They're criminals who follow harmful actions without sympathy just because their dicks tell them to.",its not a mental illness to choose to rape kids you cannot add p pedos to lgbtqa its harmful rape and cannot be consensual theyre criminals who follow harmful actions without sympathy just because their dicks tell them to,0.05,Neutral
"The thing is how do you rehabilitate pedos? As awful as it is it is a sexual interest and I don't think there is a way to change that like if you're gay you can't be rehabilitated to be straight.

There are evil pedos who don't care and who will do whatever then there are pedos who hate having that interest and wouldn't harm any children. It's such a difficult subject that society isn't ready to talk about.","the thing is how do you rehabilitate pedos as awful as it is it is a sexual interest and i dont think there is a way to change that like if youre gay you cant be rehabilitated to be straight

there are evil pedos who dont care and who will do whatever then there are pedos who hate having that interest and wouldnt harm any children its such a difficult subject that society isnt ready to talk about",-0.215,Negative
Looks like government propaganda to me.,looks like government propaganda to me,-0.1,Neutral
"It is, there is another case where the government protected a military officer who abused a child, he threatened the child and her family of treating them like the guy in the video and locking them up without a trial just with false allegations. The gorvenment protected this high level officer, they didn't do a virial video like this one. There are dozens of cases hidden,  in El Salvador there where 700 hundred minors pregnant in 2023..",it is there is another case where the government protected a military officer who abused a child he threatened the child and her family of treating them like the guy in the video and locking them up without a trial just with false allegations the gorvenment protected this high level officer they didnt do a virial video like this one there are dozens of cases hidden  in el salvador there where  hundred minors pregnant in,-0.03466666666666668,Neutral
Do the Catholic Church next please.,do the catholic church next please,0.0,Neutral
[removed],removed,0.0,Neutral
Woah. So not only a pedophile but accused of actually murdering that girl.,woah so not only a pedophile but accused of actually murdering that girl,0.0,Neutral
As opposed to minors who are neither girl nor boy?,as opposed to minors who are neither girl nor boy,0.0,Neutral
This is fine,this is fine,0.4166666666666667,Positive
Why insane? Mess with children you deserve the worst,why insane mess with children you deserve the worst,-0.725,Negative
What did he do?,what did he do,0.0,Neutral
"He got two reports prior of pedophilia, then they got evidence on a third case and finally caught this animal.",he got two reports prior of pedophilia then they got evidence on a third case and finally caught this animal,0.0,Neutral
So what happened to this piece of filth?,so what happened to this piece of filth,0.0,Neutral
That's what happens to Bukele's political opponents too,thats what happens to bukeles political opponents too,0.0,Neutral
Video ended too soon. Was waiting for the execution.,video ended too soon was waiting for the execution,0.0,Neutral
El Salvador abolished the death penalty.,el salvador abolished the death penalty,0.0,Neutral
"I have no idea about this story and background, but let's consider the extreme level of corruption of El Salvador, he could perfectly be guilty and there's that, or he's a scapegoat and being circus around town....",i have no idea about this story and background but lets consider the extreme level of corruption of el salvador he could perfectly be guilty and theres that or hes a scapegoat and being circus around town,-0.3125,Negative
We're are regressing into medieval torture like forms of punishment,were are regressing into medieval torture like forms of punishment,0.0,Neutral
Bruhhhh relax.. all they did was showcase his ass to the public,bruhhhh relax all they did was showcase his ass to the public,0.0,Neutral
"Maybe this is the right way to deal with certain things. After all, if all lives have the same value, why does a murderer, rapist or pedophile, who basically destroy other people's lives, deserve to have theirs kept? 

Enough of this cuckold mentality that leaves such rotten people free to do whatever they want, as at most they will lose a few years of their lives.","maybe this is the right way to deal with certain things after all if all lives have the same value why does a murderer rapist or pedophile who basically destroy other peoples lives deserve to have theirs kept 

enough of this cuckold mentality that leaves such rotten people free to do whatever they want as at most they will lose a few years of their lives",0.0875,Neutral
"As long as he is guilty, I‚Äôm totally ok with this treatment!",as long as he is guilty im totally ok with this treatment,-0.01666666666666668,Neutral
so guilty beyond a reasonable doubt is the threshold? This is obviously a fail safe system. /s,so guilty beyond a reasonable doubt is the threshold this is obviously a fail safe system s,-0.07500000000000001,Neutral
This guy doesn‚Äôt know that courts are rarely just. He‚Äôd totally let an innocent person be abused.,this guy doesnt know that courts are rarely just hed totally let an innocent person be abused,0.26666666666666666,Positive
Crimerate should be near zero there with such measures,crimerate should be near zero there with such measures,0.05,Neutral
"Yes, because totalitarian dictatorships are well known for their high degree of public safety and total lack of all crime /s",yes because totalitarian dictatorships are well known for their high degree of public safety and total lack of all crime s,0.05333333333333334,Neutral
"Seems reasonable. Kinda weird to have like 6 fully geared up commandos to handle one pitiful looking dude, but I guess it was more about sending a message.",seems reasonable kinda weird to have like  fully geared up commandos to handle one pitiful looking dude but i guess it was more about sending a message,0.06666666666666667,Neutral
"To send a message, yes, but also to stop the public getting at him",to send a message yes but also to stop the public getting at him,0.0,Neutral
I'll never understand the lengths people will go to just to bust a nut...,ill never understand the lengths people will go to just to bust a nut,-0.5,Negative
"That's a rough 50, dude looks 75",thats a rough  dude looks,-0.1,Neutral
...they put them on a video and talk about them? What's the actual punishment?,they put them on a video and talk about them whats the actual punishment,0.0,Neutral
The one that the inmates will give him...,the one that the inmates will give him,0.0,Neutral
"Death penalty for a high corruption level in the country is a bit risky. Imagine you being accused of something and you are already punished so dead. But they find out it was someone else. The world we live in is some kinda joke. One get raped, one get killed",death penalty for a high corruption level in the country is a bit risky imagine you being accused of something and you are already punished so dead but they find out it was someone else the world we live in is some kinda joke one get raped one get killed,-0.025909090909090916,Neutral
This man has a record so.... ü§∑‚Äç‚ôÇÔ∏è,this man has a record so,0.0,Neutral
"It took me FOUR years to prosecute a pedophile of twin girls in the USA. 

Only after I denied the pitiful plea deals from the DA and defense attorneys, I decided to gamble and go to trial. 

The piece of shit was found Guilty of all Seven counts against him. 

150 years to life. 

I‚Äôm incredibly grateful for the sentence but I wish they would have done this.","it took me four years to prosecute a pedophile of twin girls in the usa 

only after i denied the pitiful plea deals from the da and defense attorneys i decided to gamble and go to trial 

the piece of shit was found guilty of all seven counts against him 

 years to life 

im incredibly grateful for the sentence but i wish they would have done this",0.05000000000000002,Neutral
"Florida just passed a law allowing the death sentence for pedophiles.

I live in Florida and I‚Äôm fine with it.  It‚Äôs for rape of children under 12.","florida just passed a law allowing the death sentence for pedophiles

i live in florida and im fine with it  its for rape of children under",0.2765151515151515,Positive
"When you give the state power to do this to the people you hate, they can just as easily do it to the people you love.",when you give the state power to do this to the people you hate they can just as easily do it to the people you love,0.04444444444444443,Neutral
This is torture.,this is torture,0.0,Neutral
"El Salvador is [going through its ""tough on crime"" phase](https://en.wikipedia.org/wiki/Salvadoran_gang_crackdown), and they are existing essentially in a state of martial law. 

It may be extremely cathartic to you to see an (alleged) pedo being shamed like this, but this is how they are treating pretty much everyone accused of any crime right now, and your support of this is being used to bolster the unjust imprisonment of potentially tens of thousands of innocent people.","el salvador is going through its tough on crime phase and they are existing essentially in a state of martial law 

it may be extremely cathartic to you to see an alleged pedo being shamed like this but this is how they are treating pretty much everyone accused of any crime right now and your support of this is being used to bolster the unjust imprisonment of potentially tens of thousands of innocent people",0.062182539682539686,Neutral
"Always pause and think. Any government can do this to a civilian, and call them a pedophile. Always remember that.",always pause and think any government can do this to a civilian and call them a pedophile always remember that,0.0,Neutral
This man has a record of pedophilia so...... ü§∑‚Äç‚ôÇÔ∏è,this man has a record of pedophilia so,0.0,Neutral
I see no problem. At all.,i see no problem at all,0.0,Neutral
"This shouldnt be insane, this should be normal",this shouldnt be insane this should be normal,-0.425,Negative
"Swift justices is very satisfying. Until its inevitably brought upon somone who is innocent.  As much as we would like to see people like this get immediately what they deserve, it can not come at the cost of other being hastely investigated and tried in court. We have due process for a reason because our  system is not perfect.",swift justices is very satisfying until its inevitably brought upon somone who is innocent  as much as we would like to see people like this get immediately what they deserve it can not come at the cost of other being hastely investigated and tried in court we have due process for a reason because our  system is not perfect,0.0857142857142857,Neutral
US take notes,us take notes,0.0,Neutral
"In Belgium, pedophile are free to go, and protected by gouvernement..",in belgium pedophile are free to go and protected by gouvernement,0.4,Positive
"I know it's El Salvador, but they should give him the ol' Colombian Necktie. He deserves it!",i know its el salvador but they should give him the ol colombian necktie he deserves it,0.0,Neutral
India should take a lesson from this.,india should take a lesson from this,0.0,Neutral
"Why can't we erect a stage and build a body stretcher and tear them apart? 
That would sell and proceeds can help many of the victims.","why cant we erect a stage and build a body stretcher and tear them apart 
that would sell and proceeds can help many of the victims",0.5,Positive
I hear Roman Polanski isn't fond of El Salvador.,i hear roman polanski isnt fond of el salvador,0.0,Neutral
"In the US they get free health care, clean clothes and three meals a day.",in the us they get free health care clean clothes and three meals a day,0.38333333333333336,Positive
Good job,good job,0.7,Positive
Is it bad that I was hoping he would get two bullets on liver TV. Once in the dick to bleed then if he isn't bent over already his face thrown on the ground with the other bullet to the head,is it bad that i was hoping he would get two bullets on liver tv once in the dick to bleed then if he isnt bent over already his face thrown on the ground with the other bullet to the head,-0.4124999999999999,Negative
this man has still not been charged. there is no evidence. they needed a big show because people were so upset. ask yourself why he's already in his prison clothes when the pulled him out of his house. if you look around on the net you should be able to find the footage of them recording this.  they did more than one take.  this man's life is ruined......,this man has still not been charged there is no evidence they needed a big show because people were so upset ask yourself why hes already in his prison clothes when the pulled him out of his house if you look around on the net you should be able to find the footage of them recording this  they did more than one take  this mans life is ruined,0.25,Positive
Seems nice compared to what I think should be done to them,seems nice compared to what i think should be done to them,0.6,Positive
Wait to see what the inmates do to him,wait to see what the inmates do to him,0.0,Neutral
I approve,i approve,0.0,Neutral
"Bravo! Name, shame, kill. Don‚Äôt come at me.",bravo name shame kill dont come at me,0.0,Neutral
Kill ‚ÄòEm all,kill em all,0.0,Neutral
And people say the American police is over equipped and look like military.,and people say the american police is over equipped and look like military,-0.05,Neutral
"I would become a total flag-waving, nationalistic, boot-licking fool if our country did this to our most richest and powerful pedophiles.",i would become a total flagwaving nationalistic bootlicking fool if our country did this to our most richest and powerful pedophiles,0.26666666666666666,Positive
Here in America we elect them as president,here in america we elect them as president,0.8,Positive
"It‚Äôs cool until you realize there‚Äôs a good chance he was not a pedo , but some political dissent that they just arrest for the worst crime they can think of.",its cool until you realize theres a good chance he was not a pedo  but some political dissent that they just arrest for the worst crime they can think of,-4.4408920985006264e-17,Neutral
This man has a record of pedophilia so... ü§∑‚Äç‚ôÇÔ∏è,this man has a record of pedophilia so,0.0,Neutral
This all likely leads to more children disappearing than pedophiles being deterred.,this all likely leads to more children disappearing than pedophiles being deterred,0.25,Positive
I see that idiot's crypto scheme failed and now he's trying his hand at the lowest kind of populist propaganda in order to stay in power,i see that idiots crypto scheme failed and now hes trying his hand at the lowest kind of populist propaganda in order to stay in power,-0.2,Negative
"By invoking the name of the President?

I'm definitely pro-justice against pedophiles, but it seems like a weird flex for a President to insist of having his name dropped at every perp walk.","by invoking the name of the president

im definitely projustice against pedophiles but it seems like a weird flex for a president to insist of having his name dropped at every perp walk",-0.25,Negative
In America he‚Äôll get a year in jail and a pat on the back.,in america hell get a year in jail and a pat on the back,-0.05,Neutral
As long as they are not r priests or rich.,as long as they are not r priests or rich,0.1625,Positive
[deleted],deleted,0.0,Neutral
They didn't shoot him while the cameras were on,they didnt shoot him while the cameras were on,0.0,Neutral
Bukele is doing great work.,bukele is doing great work,0.8,Positive
[deleted],deleted,0.0,Neutral
"because the vast majority of pedophiles are non-offending, non-exclusive and have no sociopathic traits. 

It's a medical condition that needs to be destigmatized so they can get preventative treatments.","because the vast majority of pedophiles are nonoffending nonexclusive and have no sociopathic traits 

its a medical condition that needs to be destigmatized so they can get preventative treatments",0.0,Neutral
This is amazing! Bring this to Canada,this is amazing bring this to canada,0.6000000000000001,Positive
We Need this Solution in germany,we need this solution in germany,0.0,Neutral
The last solution you guys had really got out of hand,the last solution you guys had really got out of hand,0.1,Neutral
Please tell me he was executed immediately following,please tell me he was executed immediately following,0.0,Neutral
Fabuloso!,fabuloso,0.0,Neutral
Lessss gooooo,lessss gooooo,0.0,Neutral
"All pedophiles should be handed over to the victims family, or tied to a tree and set on fire.",all pedophiles should be handed over to the victims family or tied to a tree and set on fire,0.0,Neutral
"No, I believe that child abusers are treated too well even in prison.

You'll see what that's like when you get caught though. 

It's always the ones who yell the loudest who are themselves guilty.","no i believe that child abusers are treated too well even in prison

youll see what thats like when you get caught though 

its always the ones who yell the loudest who are themselves guilty",-0.5,Negative
"get fucked, kiddy diddler.",get fucked kiddy diddler,-0.6,Negative
"Fuck. Yes.
PLEASE bring back corporal punishment, public stockades, tar & feathering, etc.

Honestly, the only way to stop the crime wave we have in America is by harsh prosecution. Otherwise?  Portland, Seattle, Philly, etc. etc.","fuck yes
please bring back corporal punishment public stockades tar  feathering etc

honestly the only way to stop the crime wave we have in america is by harsh prosecution otherwise  portland seattle philly etc etc",-9.25185853854297e-18,Neutral
"One major problem with a death sentence for crimes like rape/incest/molestation is that when the punishment is the same as killing someone, there is more incentive to kill the victim to cover their crime. Dead victims can't rat you out, and regardless of if they are dead or alive, the punishment is still death.",one major problem with a death sentence for crimes like rapeincestmolestation is that when the punishment is the same as killing someone there is more incentive to kill the victim to cover their crime dead victims cant rat you out and regardless of if they are dead or alive the punishment is still death,0.02678571428571428,Neutral
"Yes, let‚Äôs devolve back to brutality; it was so much better when rulers had absolute power to kill anyone who disobeyed or spoke out against them. /s",yes lets devolve back to brutality it was so much better when rulers had absolute power to kill anyone who disobeyed or spoke out against them s,0.2333333333333333,Positive
Their kids wasn't watch the porn?,their kids wasnt watch the porn,0.0,Neutral
What he do????,what he do,0.0,Neutral
Raped 3 girls in different times,raped  girls in different times,0.0,Neutral
[deleted],deleted,0.0,Neutral
I think you may be confusing sexuality with sexual preference which it is... it's also intrinsically rape oriented sexual preference. The evolution is pushing for a medical approach to give people preventative treatments and actual support outside of like-minded darkweb message boards.,i think you may be confusing sexuality with sexual preference which it is its also intrinsically rape oriented sexual preference the evolution is pushing for a medical approach to give people preventative treatments and actual support outside of likeminded darkweb message boards,0.11666666666666665,Positive
Take notes america,take notes america,0.0,Neutral
panicky detail smile sleep support aware coherent fuzzy compare spectacular ` this message was mass deleted/edited with redact.dev `,panicky detail smile sleep support aware coherent fuzzy compare spectacular  this message was mass deletededited with redactdev,0.4125,Positive
"we tried all that for the first 15k years of our history and it didn't help in preventing criminal behavior no matter how harsh the punishment was. There will always be offenders no matter what you do. But what are we doing as a society to prevent such behavior? Are we offering safe harbor and support before an offense is committed? no. we would instantly shame them has monstrosities for just mentioning their troubled thoughts. So, this man has done the worst things to the most vulnerable people. Put him in jail. What are we going to do with the the other 50k living amongst us all?",we tried all that for the first k years of our history and it didnt help in preventing criminal behavior no matter how harsh the punishment was there will always be offenders no matter what you do but what are we doing as a society to prevent such behavior are we offering safe harbor and support before an offense is committed no we would instantly shame them has monstrosities for just mentioning their troubled thoughts so this man has done the worst things to the most vulnerable people put him in jail what are we going to do with the the other k living amongst us all,-0.13125,Negative
[removed],removed,0.0,Neutral
This guy should never be in a position of power that has access to nukes.,this guy should never be in a position of power that has access to nukes,0.0,Neutral
Who hurt you?,who hurt you,0.0,Neutral
"Find people who care about you, cause ain‚Äôt no way you got people if you commenting like this.",find people who care about you cause aint no way you got people if you commenting like this,0.0,Neutral
"""The bastard, kill him""

Ooh, I think you don't have to worry about that.","the bastard kill him

ooh i think you dont have to worry about that",0.0,Neutral
Too bad the jails are all reformed and nothing will happen to him inside..,too bad the jails are all reformed and nothing will happen to him inside,-0.6999999999999998,Negative
Was anybody else afraid they were going to shoot him in the head at some point?,was anybody else afraid they were going to shoot him in the head at some point,-0.6,Negative
"Would you like to know more?

https://youtu.be/EKHme9MvMx0?si=XMS0HnUYCj3SlF1Z&t=47",would you like to know more,0.5,Positive
"Just amazing.  
So cool.","just amazing  
so cool",0.47500000000000003,Positive
"Shame‚Ä¶
Shame‚Ä¶
Shame‚Ä¶","shame
shame
shame",0.0,Neutral
There's nothing insane about this. He should be beaten to death by the family and any public who wants to participate.,theres nothing insane about this he should be beaten to death by the family and any public who wants to participate,-0.26666666666666666,Negative
Cheers to them for making him face the people and not hide his face.,cheers to them for making him face the people and not hide his face,0.0,Neutral
"too bad the don't do anything like this in America, maybe we wouldn't have all this crime, just saying.",too bad the dont do anything like this in america maybe we wouldnt have all this crime just saying,-0.6999999999999998,Negative
"how do you do it when they are billionaires with armies and media protecting them, though?",how do you do it when they are billionaires with armies and media protecting them though,0.0,Neutral
I thought they were gonna shoot him in public.,i thought they were gonna shoot him in public,0.0,Neutral
I wish this was more common. What's more likely is the family hides these monsters while silently acknowledging that this or that uncle shouldn't be left alone with children.,i wish this was more common whats more likely is the family hides these monsters while silently acknowledging that this or that uncle shouldnt be left alone with children,0.11666666666666665,Positive
Is this actually what‚Äôs going on here? Trusting text on videos seems weird.,is this actually whats going on here trusting text on videos seems weird,-0.25,Negative
Bruh. Save resources and money. Let the crowd handle it for free. There would be less people thinkin about doing that shit,bruh save resources and money let the crowd handle it for free there would be less people thinkin about doing that shit,0.011111111111111118,Neutral
i was pretty proud of my spanish after studying for a couple years but i understood almost non of that :((,i was pretty proud of my spanish after studying for a couple years but i understood almost non of that,0.35000000000000003,Positive
If only everyone treated pedophilia like this. Disgusting monsters.,if only everyone treated pedophilia like this disgusting monsters,-0.5,Negative
As they should.,as they should,0.0,Neutral
We should do like that everywhere,we should do like that everywhere,0.0,Neutral
In America we would just make him a priest,in america we would just make him a priest,0.0,Neutral
This is why there are no republican's in El Salvador.,this is why there are no republicans in el salvador,0.0,Neutral
Sheriff Grady,sheriff grady,0.0,Neutral
So what happened to him?,so what happened to him,0.0,Neutral
"Every pedofile priest, clergyman, cop, scout leader deserves that and worse.",every pedofile priest clergyman cop scout leader deserves that and worse,-0.4,Negative
Sure hope he's guilty,sure hope hes guilty,0.0,Neutral
I hope they got the right guy.,i hope they got the right guy,0.2857142857142857,Positive
Meanwhile the gangs and cartels murder children and students and sell drugs.,meanwhile the gangs and cartels murder children and students and sell drugs,0.0,Neutral
"If there's 100% undeniable proof he is one, this seems like a reasonable punishment",if theres  undeniable proof he is one this seems like a reasonable punishment,0.2,Positive
"There is this much hate for pedophiles in prisons. They are major targets and hated by everyone.


If you think this is insane watch some videos about how Philippines deals with their drug dealers over the recent years. They literally just will kill you and put a note by your body saying that you were a drug dealer to justify the death.","there is this much hate for pedophiles in prisons they are major targets and hated by everyone


if you think this is insane watch some videos about how philippines deals with their drug dealers over the recent years they literally just will kill you and put a note by your body saying that you were a drug dealer to justify the death",-0.5275000000000001,Negative
Wait... they just throw suspects on the back of a pickup truck?,wait they just throw suspects on the back of a pickup truck,0.0,Neutral
look up the new president he is doing some wild shit,look up the new president he is doing some wild shit,0.012121212121212116,Neutral
So they just talk him to death?,so they just talk him to death,0.0,Neutral
They make them run with the policia?  Somewhat tame from what I was expecting‚Ä¶,they make them run with the policia  somewhat tame from what i was expecting,-0.21666666666666667,Negative
I honestly thought there was gonna be an execution at the end with how this was put together,i honestly thought there was gonna be an execution at the end with how this was put together,0.6,Positive
"I fully support this, but right AFTER he was found guilty, not before.",i fully support this but right after he was found guilty not before,-0.10714285714285715,Negative
Gee.  Poor guy.  He is just a Minor Attracted Person doing what comes naturally.  ((rolling eyes)).  I'll bet using that euphemism the left tries to foist on us wouldn't go so well if we  started calling rapists Non-Consenting Female Attracted Persons.,gee  poor guy  he is just a minor attracted person doing what comes naturally  rolling eyes  ill bet using that euphemism the left tries to foist on us wouldnt go so well if we  started calling rapists nonconsenting female attracted persons,-0.1357142857142857,Negative
"If he is actually guilty: This is the ""nice"" ending for that piece of shit.

Alternative endings include:

He'd spend years in a trial, and when he inevitably gets convicted and sent to a regular prison he'd receive a warm welcome up his asshole, then his head would part ways with the rest of his body.

Or if the town got to him before the police, when the cops finally arrive, they would have to check if there's still something to bring to jail.","if he is actually guilty this is the nice ending for that piece of shit

alternative endings include

hed spend years in a trial and when he inevitably gets convicted and sent to a regular prison hed receive a warm welcome up his asshole then his head would part ways with the rest of his body

or if the town got to him before the police when the cops finally arrive they would have to check if theres still something to bring to jail",0.13333333333333333,Positive
"""The State demands respect""

That seems....misplaced","the state demands respect

that seemsmisplaced",0.0,Neutral
"child molester, not pedophile

and alleged, for that matter","child molester not pedophile

and alleged for that matter",-0.1,Neutral
But you can certainly beat your wife in Salvador!  That is A-OK!,but you can certainly beat your wife in salvador  that is aok,0.21428571428571427,Positive
"I guess we should legalise death penalty in Ukraine for corruption in big amounts. It is absolutely wild law, like some midcentury thing, but in some cases it seems to be the only one working",i guess we should legalise death penalty in ukraine for corruption in big amounts it is absolutely wild law like some midcentury thing but in some cases it seems to be the only one working,0.03333333333333333,Neutral
I‚Äôm guessing that the El Salvadoran government was somewhat more merciful to him than the locals would have been!,im guessing that the el salvadoran government was somewhat more merciful to him than the locals would have been,0.5,Positive
True justice,true justice,0.35,Positive
Please find the politicians too,please find the politicians too,0.0,Neutral
The spokesmen said the victims were women.,the spokesmen said the victims were women,0.0,Neutral
"I don't believe in these kinds of show trials. What kind of proof did they have, what kind of trial did he get?

If he is a pedo, good, fuck him. But most of the time, this kind of stuff is for show. To calm the public.","i dont believe in these kinds of show trials what kind of proof did they have what kind of trial did he get

if he is a pedo good fuck him but most of the time this kind of stuff is for show to calm the public",0.36250000000000004,Positive
"Yes sex predators and pedophiles are fucked up gross, but no rape kit result is coming back within 24 hours.   No trial has been held within 24 hours.  He can be in holding pending those being done.  As such, this makes me uncomfortable.

I am familiar with how Bukele is dealing with gangsters and the human rights complaints on this.  For this, he is doing this with approval (and regular re-upping) from Parliament.  And there‚Äôs a decent argument to be made that the sheer organization of cartels (in several countries) approach the level of insurgency with literal moves made to corrupt and control branches of government from the top down.  When parliament quits re-approving and says emergency is over, then we will either see return to norms or something else to judge.

Coming back to this pedophile, though, he isn‚Äôt being accused of being a gang member, so I find this to be a slippery slope on human rights and equal protections under the law.","yes sex predators and pedophiles are fucked up gross but no rape kit result is coming back within  hours   no trial has been held within  hours  he can be in holding pending those being done  as such this makes me uncomfortable

i am familiar with how bukele is dealing with gangsters and the human rights complaints on this  for this he is doing this with approval and regular reupping from parliament  and theres a decent argument to be made that the sheer organization of cartels in several countries approach the level of insurgency with literal moves made to corrupt and control branches of government from the top down  when parliament quits reapproving and says emergency is over then we will either see return to norms or something else to judge

coming back to this pedophile though he isnt being accused of being a gang member so i find this to be a slippery slope on human rights and equal protections under the law",-0.0419934640522876,Neutral
So my first thought is they were going to sit him in the chair in the back of the truck and parade him around town to have shit throw at him. Then my next thought is he was gonna have a bullet put in in brain pan during that press conference.,so my first thought is they were going to sit him in the chair in the back of the truck and parade him around town to have shit throw at him then my next thought is he was gonna have a bullet put in in brain pan during that press conference,-0.04,Neutral
In America they‚Äôd nominate him for Republican nominee.,in america theyd nominate him for republican nominee,0.0,Neutral
The man killed a little girl. Not sure what OP is going on about with the title,the man killed a little girl not sure what op is going on about with the title,-0.2125,Negative
Iit's a great show. But I question the efficacy of the legal process.,iits a great show but i question the efficacy of the legal process,0.5,Positive
They moving so tac just for him to get poked in prison,they moving so tac just for him to get poked in prison,0.0,Neutral
Does anyone know the context behind the case?,does anyone know the context behind the case,-0.4,Negative
I heard drunk driving was a death penalty offense in El Salvador,i heard drunk driving was a death penalty offense in el salvador,-0.5,Negative
No.,no,0.0,Neutral
Lmao love it. Did they execute him by firing squad? I cant tell but it sort of seemed that way before the video ended,lmao love it did they execute him by firing squad i cant tell but it sort of seemed that way before the video ended,0.55,Positive
Jim Jordan covered up sex abuse on his wrestling team,jim jordan covered up sex abuse on his wrestling team,0.0,Neutral
As they should.,as they should,0.0,Neutral
So is this guy actually a pedo or is this some kind of ritualized scapegoating shit? Because I get that these guys commit some fucked up crimes but all the theatrics point to the latter.,so is this guy actually a pedo or is this some kind of ritualized scapegoating shit because i get that these guys commit some fucked up crimes but all the theatrics point to the latter,-0.04,Neutral
What's with everyone's obsession with pedophiles nowadays?,whats with everyones obsession with pedophiles nowadays,0.0,Neutral
What‚Äôs insane about this?? Seems kinda mild idk,whats insane about this seems kinda mild idk,-0.33333333333333337,Negative
I thought they were going to execute him in front of the podium,i thought they were going to execute him in front of the podium,0.0,Neutral
El Salvador and all its people are completely worthless.,el salvador and all its people are completely worthless,-0.8,Negative
I fully support this approach.,i fully support this approach,0.0,Neutral
This wat bill gates and Prince Andrew need done to them,this wat bill gates and prince andrew need done to them,0.0,Neutral
All my respects for the Salvadoran government,all my respects for the salvadoran government,0.0,Neutral
"Nah, they protect them.",nah they protect them,0.0,Neutral
For Jeffrey Epstein sagga,for jeffrey epstein sagga,0.0,Neutral
Gov Newsome trying to make pedos as normal people & condoning that behavior. JS,gov newsome trying to make pedos as normal people  condoning that behavior js,0.15,Positive
This feels like one of those Starship Troopers propaganda videos.,this feels like one of those starship troopers propaganda videos,-0.1,Neutral
"Can we stop calling these people pedophiles and call them the correct term:  Child Rapist.

Most pedophiles commit no crimes, and they live in shame and self hate, and they can't get the help they need because we say ""pedophile"" all the time like it is a crime itself.  There are people in this world that now genuinely think pedophilia is the act of raping a child, which it isn't, because that's how awful and lazy we have become.

Please, for the love of god, use words correctly.","can we stop calling these people pedophiles and call them the correct term  child rapist

most pedophiles commit no crimes and they live in shame and self hate and they cant get the help they need because we say pedophile all the time like it is a crime itself  there are people in this world that now genuinely think pedophilia is the act of raping a child which it isnt because thats how awful and lazy we have become

please for the love of god use words correctly",-0.07337662337662339,Neutral
"Good for them, if they had proof I think they should go harder",good for them if they had proof i think they should go harder,0.3,Positive
Chomos deserve death,chomos deserve death,0.0,Neutral
How pedos should be treated. Everywhere. Period,how pedos should be treated everywhere period,0.0,Neutral
At least wack off the weenie,at least wack off the weenie,-0.3,Negative
"Yes ! Here we go . This is what I vote for . Sorry , you failed .",yes  here we go  this is what i vote for  sorry  you failed,-0.5,Negative
"My flag is doing great things, everything is going to become greater there.",my flag is doing great things everything is going to become greater there,0.65,Positive
And this is different from other countries how,and this is different from other countries how,-0.0625,Neutral
It's all cheers and pat on the back at this kind of treatment until. They arrest the wrong guy.,its all cheers and pat on the back at this kind of treatment until they arrest the wrong guy,0.012499999999999983,Neutral
"Violations of the Geneva Convention.

Many, many violations of the rights granted by western nations.

In the US, this would violate the principles of 

* Innocent until proven guilty by a reasonable doubt
* Cruel and unusual punishment

Probably about 100 other laws in locales and states. Probably many other constitutional rights we grant our residents.

We should not celebrate this. We should condemn it and want a world where the innocent are not potentially mistreated.","violations of the geneva convention

many many violations of the rights granted by western nations

in the us this would violate the principles of 

 innocent until proven guilty by a reasonable doubt
 cruel and unusual punishment

probably about  other laws in locales and states probably many other constitutional rights we grant our residents

we should not celebrate this we should condemn it and want a world where the innocent are not potentially mistreated",0.08846153846153845,Neutral
Tie them to a pole a let the public deal with them,tie them to a pole a let the public deal with them,0.0,Neutral
"Get a 2x4 fill it with nails. Dip it in human poopie and hand it to that little girl. You took,her innocents she gets to take you out entirely. If she won't do it. Let her father or grandfather. Swing that bat like baby ruth.",get a x fill it with nails dip it in human poopie and hand it to that little girl you tookher innocents she gets to take you out entirely if she wont do it let her father or grandfather swing that bat like baby ruth,-0.0625,Neutral
The only good pedophile is a dead pedophile,the only good pedophile is a dead pedophile,0.16666666666666666,Positive
So..what did they do then?,sowhat did they do then,0.0,Neutral
I kinda wanted to to keep going and show the exaction,i kinda wanted to to keep going and show the exaction,0.0,Neutral
Why does reddit lap up so much El Salvador propaganda?,why does reddit lap up so much el salvador propaganda,0.05,Neutral
Wow thats actually insane,wow thats actually insane,-0.45,Negative
Imagine if the US actually cared about women,imagine if the us actually cared about women,0.0,Neutral
Or children,or children,0.0,Neutral
In America we let them back out onto the streets so they can do it again,in america we let them back out onto the streets so they can do it again,0.0,Neutral
I kinda expected him to be shot in the last few seconds. These guys dont mess around,i kinda expected him to be shot in the last few seconds these guys dont mess around,-0.11875000000000001,Negative
I can‚Äôt wait to hear about what‚Äôs gonna happen to him in prison.,i cant wait to hear about whats gonna happen to him in prison,0.0,Neutral
"Seems tame. In many place a pedo would had limp limbs with multiple bones cracked. 
Would be lucky to see pedo crippled all 4 limbs, usually just lynched unalive before the cops came","seems tame in many place a pedo would had limp limbs with multiple bones cracked 
would be lucky to see pedo crippled all  limbs usually just lynched unalive before the cops came",0.027777777777777773,Neutral
The pedos hide in our churches.,the pedos hide in our churches,0.0,Neutral
He‚Äôs a MAP you bigots‚Ä¶.,hes a map you bigots,0.0,Neutral
All that bullshit political talk and still no lead in his head,all that bullshit political talk and still no lead in his head,0.0,Neutral
"This reminds me of that scene from Starship Troopers‚Ä¶.
‚ÄúA murder was arrested this morning and tried today‚Ä¶.. sentence, Death. Execution tonight at 6‚Äù","this reminds me of that scene from starship troopers
a murder was arrested this morning and tried today sentence death execution tonight at",0.0,Neutral
God bless the righteous.,god bless the righteous,0.0,Neutral
Hope he wasn‚Äôt falsely accused,hope he wasnt falsely accused,-0.4000000000000001,Negative
The Catholic church just sends them to a different parish.,the catholic church just sends them to a different parish,0.0,Neutral
"I‚Äôm honestly surprised castration has not been suggested as a form of punishment for sexual crimes. In the US, at least.",im honestly surprised castration has not been suggested as a form of punishment for sexual crimes in the us at least,0.09999999999999999,Neutral
We can‚Äôt even call them pedophiles anymore and you think we are going to chop their Ds off?,we cant even call them pedophiles anymore and you think we are going to chop their ds off,0.0,Neutral
"I mean, yeah. I dig it",i mean yeah i dig it,-0.3125,Negative
"My cousin was hiking at ""the devils chair"" in El Salvador,  her boyfriend gave her a lift up a rock so she could get a good view (his intention was to go up too) 
A gang was up there. They took her and they raped her while he watched. 
El Salvador has some truly good people but fuck man... there's alot of dark in desperate areas of the world...  and I word it like that for a reason.","my cousin was hiking at the devils chair in el salvador  her boyfriend gave her a lift up a rock so she could get a good view his intention was to go up too 
a gang was up there they took her and they raped her while he watched 
el salvador has some truly good people but fuck man theres alot of dark in desperate areas of the world  and i word it like that for a reason",0.049999999999999975,Neutral
Was expecting the video to really show how El Sal deals with pedos. It looks like they shackle them and perp walk them.,was expecting the video to really show how el sal deals with pedos it looks like they shackle them and perp walk them,0.2,Positive
Well in America they elect child molesters and rapists as President,well in america they elect child molesters and rapists as president,0.8,Positive
"Meanwhile ""we call them MAPS, pedo is a mean word""",meanwhile we call them maps pedo is a mean word,-0.3125,Negative
If this was in America everyone yelling would be arrested while the pedo dude would be protected.,if this was in america everyone yelling would be arrested while the pedo dude would be protected,0.0,Neutral
I would have appreciated this video. Had it been a depiction of how the army treats people who illegally try to leave the country to go to the United States!!!!!,i would have appreciated this video had it been a depiction of how the army treats people who illegally try to leave the country to go to the united states,-0.15,Negative
Canada would give this guy standing ovations,canada would give this guy standing ovations,0.0,Neutral
Should've given the townspeople 15 seconds with him. I want to see how they'll play out,shouldve given the townspeople  seconds with him i want to see how theyll play out,0.0,Neutral
In my country they are made the warden of a girls boarding school...,in my country they are made the warden of a girls boarding school,0.0,Neutral
"Build a small 4x4 shed, nail his dick and balls to the floor, set the shed on fire and throw him a knife. Choose.",build a small x shed nail his dick and balls to the floor set the shed on fire and throw him a knife choose,-0.25,Negative
Thinking of those countries where they marry childrens,thinking of those countries where they marry childrens,0.0,Neutral
Should've given the townspeople 15 seconds with him. I want to see something,shouldve given the townspeople  seconds with him i want to see something,0.0,Neutral
El Salvador doesn‚Äôt mess around,el salvador doesnt mess around,-0.175,Negative
üëèüëèüëèüëèüëèüëèüëèüëè,,0.0,Neutral
Love,love,0.5,Positive
Easy to cheer this but always be careful when justice becomes a public (political) spectacle.,easy to cheer this but always be careful when justice becomes a public political spectacle,0.08333333333333334,Neutral
Sweden needs this,sweden needs this,0.0,Neutral
"i take no pleasure in seeing humiliation and hate in any form but given the circumstances, what other options are there?",i take no pleasure in seeing humiliation and hate in any form but given the circumstances what other options are there,-0.4625,Negative
Wearing all white. No blood. I'd say they went way to easy.,wearing all white no blood id say they went way to easy,0.21666666666666667,Positive
so... they do it like any other criminal but make a pretty speech about it?,so they do it like any other criminal but make a pretty speech about it,-0.09166666666666667,Neutral
Yee..,yee,0.0,Neutral
that's how squad cars should be shackle them up in the back if a pick down on there side like the animals they are,thats how squad cars should be shackle them up in the back if a pick down on there side like the animals they are,-0.07777777777777779,Neutral
Good.,good,0.7,Positive
"WhAt AbOuT tHeIr hUmAn RiGhTs?
I see why liberals hate Nayeb Bukele.","what about their human rights
i see why liberals hate nayeb bukele",-0.4,Negative
they should also be like that towards drug gangs,they should also be like that towards drug gangs,0.0,Neutral
In America they just give you a collar and welcome you to the Church ü§∑‚Äç‚ôÇÔ∏è,in america they just give you a collar and welcome you to the church,0.8,Positive
"I vote Grady Judd to do this, he would be the perfect candidate if we would allow this in our country!!",i vote grady judd to do this he would be the perfect candidate if we would allow this in our country,1.0,Positive
"Yes! Wish they did that here too. Everywhere even. Shame them, humiliate them and make sure they never see the outside of prison",yes wish they did that here too everywhere even shame them humiliate them and make sure they never see the outside of prison,0.25,Positive
"Yea like if he‚Äôs guilty fuckin string him up, but this is playing out like some sort of political dictator shit.",yea like if hes guilty fuckin string him up but this is playing out like some sort of political dictator shit,-0.2333333333333333,Negative
"They are to nice to him, If you Ask me.",they are to nice to him if you ask me,0.6,Positive
"This is wonderful and really dramatic theater for the cameras, but why don‚Äôt they do the same thing for the Narcos??? Oh‚Ä¶.right‚Ä¶ all those cops are on the payroll of the cartels. Who do you think paid for those soldier costumes?",this is wonderful and really dramatic theater for the cameras but why dont they do the same thing for the narcos ohright all those cops are on the payroll of the cartels who do you think paid for those soldier costumes,0.18888888888888888,Positive
Ok so wtf did they do,ok so wtf did they do,0.0,Neutral
Justice like this has never worked and yet people still believe in it..,justice like this has never worked and yet people still believe in it,0.0,Neutral
"Awe that sucks..

I was hoping they would shoot him. Or at least a few gut stabs with a Rambo knife üî™","awe that sucks

i was hoping they would shoot him or at least a few gut stabs with a rambo knife",-0.26666666666666666,Negative
Keep that fuckers head high,keep that fuckers head high,0.16,Positive
"There's nothing is this video that's justifies the title. It says he killed two women, back in 2001 and 2005. May I have some more information about this please, OP?",theres nothing is this video thats justifies the title it says he killed two women back in  and  may i have some more information about this please op,0.09999999999999999,Neutral
"If this is after a trial, well done. It should be advertised.",if this is after a trial well done it should be advertised,0.0,Neutral
"Why do they need that many soldiers escorting a man in both hand and ankle cuffs to the podium? Also funny how they made sure to mention the president's name, I feel this is a propaganda video meant to galvanize the population for further authoritari... *sorry* I meant crackdown on crimes against children.",why do they need that many soldiers escorting a man in both hand and ankle cuffs to the podium also funny how they made sure to mention the presidents name i feel this is a propaganda video meant to galvanize the population for further authoritari sorry i meant crackdown on crimes against children,0.10833333333333332,Positive
"Epic over there!!

Too bad in the U.S. though that Jeffrey Epstein (who had ‚Äúmoney‚Äù) still lived his life for a while until he ousted himself (I think üòà)","epic over there

too bad in the us though that jeffrey epstein who had money still lived his life for a while until he ousted himself i think",-0.29999999999999993,Negative
"Sure thing, I'm glad you think so.... maybe it will keep you warm tonight internet badass",sure thing im glad you think so maybe it will keep you warm tonight internet badass,0.5333333333333333,Positive
"UK needs to follow suit 
100k+ a yr to keep a pedo in jail 
1 bullet solves it all","uk needs to follow suit 
k a yr to keep a pedo in jail 
 bullet solves it all",-0.1,Neutral
Dude looks like Richard Ramirez,dude looks like richard ramirez,0.0,Neutral
"When they put him in the truck there‚Äôs wetness in the back if his shorts, pretty sure the fucker pissed himself.",when they put him in the truck theres wetness in the back if his shorts pretty sure the fucker pissed himself,0.25,Positive
"Here in Indonesia, almost every pedo are killed by inmate short after they got in jail",here in indonesia almost every pedo are killed by inmate short after they got in jail,-0.10000000000000002,Negative
I like how they were making him hold his head up by pulling his hair,i like how they were making him hold his head up by pulling his hair,0.0,Neutral
El Salvador doing real humanitarian work. Meanwhile I had over 90 convicted sexual predators living within a 1 mile radius of my home in one of the richest counties in the entire United States.,el salvador doing real humanitarian work meanwhile i had over  convicted sexual predators living within a  mile radius of my home in one of the richest counties in the entire united states,0.2333333333333333,Positive
Man if I was there I would have a gun and shot him right in the dman head..,man if i was there i would have a gun and shot him right in the dman head,0.2857142857142857,Positive
Makes you want to move to El Salvador,makes you want to move to el salvador,0.0,Neutral
"And idiots here want to call them minor attracted people, lol dumb weak societies making excuses for perverts and degenerate criminals who should be locked away for life. No pedophile should be allowed to live in society",and idiots here want to call them minor attracted people lol dumb weak societies making excuses for perverts and degenerate criminals who should be locked away for life no pedophile should be allowed to live in society,-0.11060606060606061,Negative
 Lock him in a room with the children‚Äôs parents and his adult female victims,lock him in a room with the childrens parents and his adult female victims,0.05,Neutral
El Salvador knows what's up. When we find a pedophile in the states we're OK with it as long as they have money,el salvador knows whats up when we find a pedophile in the states were ok with it as long as they have money,0.225,Positive
"All i have to say is lets go baby, get em.",all i have to say is lets go baby get em,0.0,Neutral
"In Australia they run the country, are protected by law.",in australia they run the country are protected by law,0.0,Neutral
God I wish the US would take this kind of hardline stance on pedophilia and child molesters. Lock them up and throw away the key.,god i wish the us would take this kind of hardline stance on pedophilia and child molesters lock them up and throw away the key,0.3,Positive
US is trying to make pedophilia into a sexual orientation or was trying to last year.,us is trying to make pedophilia into a sexual orientation or was trying to last year,0.25,Positive
Did he get the death penalty,did he get the death penalty,0.0,Neutral
And??? What happend??????,and what happend,0.0,Neutral
"Pedophiles (actual ones, not falsely accused people) do not deserve human rights. Gige them what they deserve, a date with a woodchipper or better yet burn them alive so they can go to hell with training on burning.",pedophiles actual ones not falsely accused people do not deserve human rights gige them what they deserve a date with a woodchipper or better yet burn them alive so they can go to hell with training on burning,0.16,Positive
"Nah, they protect pedos if they are policeman, military personnel, politicians or rich people. Look it up, this is propaganda.",nah they protect pedos if they are policeman military personnel politicians or rich people look it up this is propaganda,0.05833333333333334,Neutral
"No this is bs.... This is how the Salvadorean protects them:[https://www.elsalvador.com/noticias/nacional/estado-salvadoreno-oculta-crimen-contra-nina-soyapango-un-militar-la-violo/1106741/2023/](https://www.elsalvador.com/noticias/nacional/estado-salvadoreno-oculta-crimen-contra-nina-soyapango-un-militar-la-violo/1106741/2023/)

Use Google translate.","no this is bs this is how the salvadorean protects them

use google translate",0.0,Neutral
What they did with the material? Could you heard people yelling?,what they did with the material could you heard people yelling,0.0,Neutral
Looks good to me!,looks good to me,0.7,Positive
"Ok, where‚Äôs the payoff that you‚Äôre promoting?",ok wheres the payoff that youre promoting,0.5,Positive
"Jeez, he‚Äôd having a fighting chance if he were running for office in the States.",jeez hed having a fighting chance if he were running for office in the states,0.0,Neutral
.. and buy more Bitcoin!,and buy more bitcoin,0.5,Positive
He deserves worse than life or death,he deserves worse than life or death,-0.4,Negative
Twitteredditor gets caught,twitteredditor gets caught,0.0,Neutral
"Why do we let them live?

If they have pure evidence of it happening, why is prison an option. The only thing prison should be for is to pick the inmate to do to him what they do to the children.. and then torture them. I don‚Äôt understand how we can hunt animals but not these fucking monsters!","why do we let them live

if they have pure evidence of it happening why is prison an option the only thing prison should be for is to pick the inmate to do to him what they do to the children and then torture them i dont understand how we can hunt animals but not these fucking monsters",-0.06233766233766233,Neutral
Now if only yall could do this to the pizzagate and everyone on that that would be good,now if only yall could do this to the pizzagate and everyone on that that would be good,0.35,Positive
"This right here is how all pedo need to be dealt with 
Disgusting creature","this right here is how all pedo need to be dealt with 
disgusting creature",-0.35714285714285715,Negative
Este Salvaje lol,este salvaje lol,0.8,Positive
He escaped the next day,he escaped the next day,0.0,Neutral
Brings comfort to see so many people wanting justice. Sometimes when you see so much of this horrible shit you feel like nobody cares and everyone is evil. Im glad people do care about having these horrible people removed permanently.,brings comfort to see so many people wanting justice sometimes when you see so much of this horrible shit you feel like nobody cares and everyone is evil im glad people do care about having these horrible people removed permanently,-0.2857142857142857,Negative
"Awesome, what a guy(Snr Presidente I mean).. the west should take notes!!",awesome what a guysnr presidente i mean the west should take notes,0.34375,Positive
Was expecting a Middle Eastern ending to this. Like watching the camels get butcher in the mall parking lot in Kuwait.,was expecting a middle eastern ending to this like watching the camels get butcher in the mall parking lot in kuwait,0.0,Neutral
We need these guys in america,we need these guys in america,0.0,Neutral
should do that in the US üôè,should do that in the us,0.0,Neutral
And the end of the video Is uploaded to a different sub,and the end of the video is uploaded to a different sub,0.0,Neutral
Bill clinton shouldnt go to el salvador,bill clinton shouldnt go to el salvador,0.0,Neutral
Away with him.,away with him,0.0,Neutral
How come El Salvador gets something right that most of the world cant?,how come el salvador gets something right that most of the world cant,0.39285714285714285,Positive
‚ÄúPerro cagado‚Äù im Mexican so I‚Äôve never heard this before and wow I fucking love it,perro cagado im mexican so ive never heard this before and wow i fucking love it,0.19999999999999998,Positive
In the el salvador does not exist death penalty but sometimes wishes we have it.,in the el salvador does not exist death penalty but sometimes wishes we have it,0.0,Neutral
"I know hes a Piece of shit but idk, this didn't sit right with me.",i know hes a piece of shit but idk this didnt sit right with me,0.042857142857142844,Neutral
If only America would this,if only america would this,0.0,Neutral
Escorting any prisoner while armed is dangerous,escorting any prisoner while armed is dangerous,-0.6,Negative
AMEN,amen,0.0,Neutral
"Meanwhile, their TV studios get taken over by gangs.",meanwhile their tv studios get taken over by gangs,0.0,Neutral
"I support dealing with these 'people' strongly, but this looks highly performative to me.",i support dealing with these people strongly but this looks highly performative to me,0.29666666666666663,Positive
So is the guy dead I hope he's dead,so is the guy dead i hope hes dead,-0.2,Negative
And rightly so,and rightly so,0.2857142857142857,Positive
